{
  "g_loss": [
    1.2460593405095013,
    8.314918574284423,
    11.198226931420239,
    1.4902189814231612,
    2.391953061250123,
    2.38464107228951,
    2.066274507817897,
    1.7110539217564193,
    1.6455295946110378,
    1.6944385611198165,
    1.8352379152043299,
    2.059355753727935,
    2.275363154032014,
    2.3317861269143494,
    2.495871616358107,
    2.710771904072978,
    2.822010677646507,
    3.0141065804795786,
    3.1051577139984476,
    3.1730938946658913,
    3.2036725248802793,
    3.193109941753474,
    3.2626492137258705,
    3.353674963793971,
    3.441571994261308,
    3.5168666304512457,
    3.528160340406678,
    3.570753771473061,
    3.7042165357958186,
    3.7365755784240635,
    3.746012729677287,
    3.7067968499931423,
    3.637191866609183,
    3.62639282643795,
    3.5300534360788087,
    3.5709504302252424,
    3.517406252974814,
    3.4954433556307447,
    3.5133941742506893,
    3.370361812412739
  ],
  "d_loss": [
    1.174689864401113,
    0.33673956406048755,
    0.3536277181384238,
    1.0106959635899826,
    0.6656934110955759,
    0.6603962580927394,
    0.7944949343800545,
    0.9156288513067093,
    0.9605601590804078,
    0.9385073418644342,
    0.8990636776116762,
    0.8359147852117365,
    0.7877845144407316,
    0.7708745194091038,
    0.7422837569293651,
    0.6769289491190151,
    0.6809419698335908,
    0.6499852106313814,
    0.6353276095945727,
    0.6268999647687782,
    0.6275674460286443,
    0.629386069253087,
    0.6199951449578459,
    0.6050169655883854,
    0.5971733011643995,
    0.5879140230403705,
    0.5844113093546845,
    0.5713483213701032,
    0.5601247454231436,
    0.548919725316492,
    0.5570300958034667,
    0.5627758369188417,
    0.5802765471691435,
    0.5800565898587758,
    0.5960253292525356,
    0.5855861925096675,
    0.6041048113256693,
    0.5952970866452564,
    0.5997931787913496,
    0.6173060028390451
  ],
  "pass_rate": [
    0.0,
    0.0,
    0.0,
    0.0,
    0.002,
    0.0,
    0.0,
    0.0,
    0.0,
    0.098,
    0.0,
    0.0,
    0.0,
    0.0,
    0.146,
    0.0,
    0.0,
    0.0,
    0.0,
    0.13,
    0.0,
    0.0,
    0.0,
    0.0,
    0.094,
    0.0,
    0.0,
    0.0,
    0.0,
    0.118,
    0.0,
    0.0,
    0.0,
    0.0,
    0.114,
    0.0,
    0.0,
    0.0,
    0.0,
    0.15
  ]
}