{
  "train_loss": [
    3.722981554202058,
    2.9240637848323043,
    2.911095048554919,
    2.9099879921837286,
    2.915696007961577,
    2.899580315432765,
    2.9026509665630083,
    2.8982956378974696,
    2.8968587405979633,
    2.9149825789711694,
    2.887360866774212,
    2.885343436490406,
    2.893120181154121,
    2.8918968970802696,
    2.8911816227165135,
    2.88496892797676,
    2.885484741492705,
    2.8918188888240945,
    2.8840260045094923,
    2.8830988948995415,
    2.890051976523616,
    2.884269331666556,
    2.888781496069648,
    2.8748418157073585,
    2.876232557676055,
    2.8952204398810863,
    2.8819338835098525,
    2.8802250539037315,
    2.880207436667247,
    2.873971925201741,
    2.873718236996369,
    2.8849391750991344,
    2.878164616159417,
    2.882608804174445,
    2.8779140331528406,
    2.881589149209586,
    2.8742473755370486,
    2.8801884715530006,
    2.873320446095683,
    2.8769240115176546
  ],
  "val_loss": [
    2.899448171446595,
    2.8797837028020545,
    2.9217249532289142,
    2.910580073730855,
    2.881259894069237,
    2.904768952840491,
    2.8833961788612075,
    2.889284363275842,
    2.8926954993718788,
    2.9042527253114723,
    2.8791910123221482,
    2.9002708272088933,
    2.8812917063507855,
    2.900360804569872,
    2.8997141379344313,
    2.9162914662421504,
    2.8606254662139508,
    2.85799175274523,
    2.8917131122154527,
    2.874200857138332,
    2.8730307862728455,
    2.8854282868059378,
    2.892800189271758,
    2.9007033004036433,
    2.854293056681186,
    2.86502158792713,
    2.8706140638906743,
    2.8664116859436035,
    2.8638380117054227,
    2.876274374466908,
    2.865392796600921,
    2.8766387957560866,
    2.857469941996321,
    2.882124164436437,
    2.8726595625092712,
    2.9081813444065143,
    2.8827852991562857,
    2.8733527449112906,
    2.881541934194444,
    2.856237996982623
  ],
  "pass_rate": [
    0.0,
    0.0,
    0.0,
    0.0,
    0.11666666666666667,
    0.0,
    0.0,
    0.0,
    0.0,
    0.12666666666666668,
    0.0,
    0.0,
    0.0,
    0.0,
    0.16333333333333333,
    0.0,
    0.0,
    0.0,
    0.0,
    0.17,
    0.0,
    0.0,
    0.0,
    0.0,
    0.12333333333333334,
    0.0,
    0.0,
    0.0,
    0.0,
    0.13333333333333333,
    0.0,
    0.0,
    0.0,
    0.0,
    0.12,
    0.0,
    0.0,
    0.0,
    0.0,
    0.13333333333333333
  ]
}