{
  "train_loss": [
    5.224178377877582,
    0.6867203180762854,
    0.33267395465042104,
    0.23955642093311658,
    0.20034074563194404,
    0.17657949728891253,
    0.17151145603169093,
    0.16346294555643742,
    0.23890365164896304,
    0.14446312451565807,
    0.13756052190861243,
    0.1349892040333626,
    0.13143342737616462,
    0.12651819811964576,
    0.12141744208268145,
    0.11997416196390986,
    0.11938470553352752,
    0.11816794581880624,
    0.11692988836545158,
    0.1147370244461027,
    0.11289537109603937,
    0.11072294047864323,
    0.10853790360587565,
    0.10708505565046587,
    0.10633505895649167,
    0.10506298585625534,
    0.10305310514840213,
    0.10179408840750429,
    0.100676148600707,
    0.098934008104896,
    0.09759213438850235,
    0.09695398968390444,
    0.09594082169827413,
    0.09561704844236374,
    0.0949457974850454,
    0.0936939252582802,
    0.09296198532154615,
    0.09270441038957374,
    0.09290617740374398,
    0.0926276422529058
  ],
  "val_loss": [
    1.0041705906391143,
    0.3423175185918808,
    0.22073713093996047,
    0.19366060756146908,
    0.1638226505368948,
    0.14504762068390847,
    0.1526920147240162,
    0.17031687945127488,
    0.1360782954841852,
    0.13272613305598496,
    0.12077641822397708,
    0.1322672987356782,
    0.11563218552619219,
    0.11648268532007933,
    0.11431458033621311,
    0.12162919603288173,
    0.11712972875684499,
    0.1092040404677391,
    0.10817856900393963,
    0.11104130893945693,
    0.1047060938552022,
    0.1043898593634367,
    0.11332411076873541,
    0.10034260246902704,
    0.10323467552661895,
    0.10078803189098835,
    0.09491449315100908,
    0.09461242891848087,
    0.10109682623296976,
    0.10589511971920729,
    0.09915685132145882,
    0.09714554194360972,
    0.09637735430151224,
    0.09243856687098742,
    0.09305825140327215,
    0.09234819766134024,
    0.09663352612406015,
    0.09663456678390503,
    0.09420216102153063,
    0.09459384940564633
  ],
  "pass_rate": [
    0.0,
    0.0,
    0.0,
    0.0,
    0.118,
    0.0,
    0.0,
    0.0,
    0.0,
    0.118,
    0.0,
    0.0,
    0.0,
    0.0,
    0.166,
    0.0,
    0.0,
    0.0,
    0.0,
    0.12,
    0.0,
    0.0,
    0.0,
    0.0,
    0.114,
    0.0,
    0.0,
    0.0,
    0.0,
    0.136,
    0.0,
    0.0,
    0.0,
    0.0,
    0.13,
    0.0,
    0.0,
    0.0,
    0.0,
    0.122
  ]
}