{
  "train_loss": [
    1.2080377663739703,
    0.8816158710555597,
    0.8702805463901975,
    0.8761583417654037,
    0.8687661357901313,
    0.8678916323591362,
    0.8673957223919305,
    0.8670984691178257,
    0.8669296472587369,
    0.866821336644617,
    0.8665978532623161,
    0.866541960361329,
    0.8666516423902728,
    0.866445033218373,
    0.8662960270250385,
    0.8662683967162262,
    0.866200989112258,
    0.866172993555665,
    0.8661503532732074,
    0.8660322481935675,
    0.8659047802740877,
    0.8655033937909387,
    0.8653813283890486,
    0.8653313101015307,
    0.865283577279611,
    0.8652872033417225,
    0.8649305945092981,
    0.8648031795905395,
    0.864733539860357,
    0.8646384560587731
  ],
  "val_loss": [
    0.8977951541543007,
    0.8685927018523216,
    0.8681220471858978,
    0.8676372990012169,
    0.867372938990593,
    0.8666229262948036,
    0.8666916504502297,
    0.8667108893394471,
    0.8661458328366279,
    0.8666594162583351,
    0.8665645733475685,
    0.8660194337368011,
    0.8658757343888283,
    0.86648840457201,
    0.8659243613481522,
    0.8659983709454536,
    0.8657229661941528,
    0.8659910291433335,
    0.8657189384102821,
    0.8657781958580018,
    0.8659061208367348,
    0.86543640345335,
    0.8656497612595558,
    0.8655418321490288,
    0.8655579343438149,
    0.8655154660344124,
    0.8655496165156364,
    0.8655538856983185,
    0.8655266001820564,
    0.8656331092119217
  ],
  "pass_rate": [
    0.0,
    0.0,
    0.0,
    0.0,
    0.144,
    0.0,
    0.0,
    0.0,
    0.0,
    0.146,
    0.0,
    0.0,
    0.0,
    0.0,
    0.144,
    0.0,
    0.0,
    0.0,
    0.0,
    0.14,
    0.0,
    0.0,
    0.0,
    0.0,
    0.142,
    0.0,
    0.0,
    0.0,
    0.0,
    0.082
  ]
}